Transaction_ID,Date,Customer_ID,Gender,Age,Product_Category,Quantity,Price_per_Unit,Total_Amount
1,2023-01-01,1102,Male,27,Beauty,3,347,3266
2,2023-01-02,1435,Male,33,Electronics,4,328,3186
3,2023-01-03,1860,Male,24,Beauty,9,211,3368
4,2023-01-04,1270,Female,34,Clothing,6,370,2832
5,2023-01-05,1106,Male,40,Beauty,5,66,1040
6,2023-01-06,1071,Female,43,Clothing,3,401,4970
7,2023-01-07,1700,Male,38,Beauty,9,227,2203
8,2023-01-08,1020,Female,39,Clothing,5,71,275
9,2023-01-09,1614,Female,24,Clothing,5,166,826
10,2023-01-10,1121,Male,31,Food,4,211,2887
11,2023-01-11,1466,Male,32,Clothing,4,26,737
12,2023-01-12,1214,Male,24,Food,1,331,579
13,2023-01-13,1330,Male,26,Clothing,7,15,3492
14,2023-01-14,1458,Female,25,Electronics,9,67,2203
15,2023-01-15,1087,Male,40,Clothing,3,334,1344
16,2023-01-16,1372,Male,46,Electronics,2,421,1576
17,2023-01-17,1099,Female,35,Electronics,3,327,4824
18,2023-01-18,1871,Male,48,Clothing,1,178,2946
19,2023-01-19,1663,Male,47,Electronics,6,462,3153
20,2023-01-20,1130,Male,56,Food,7,91,2490
21,2023-01-21,1661,Male,52,Beauty,2,483,4185
22,2023-01-22,1308,Male,35,Clothing,8,477,3852
23,2023-01-23,1769,Female,59,Electronics,6,434,894
24,2023-01-24,1343,Male,56,Clothing,4,442,496
25,2023-01-25,1491,Male,34,Food,5,228,3965
26,2023-01-26,1413,Male,31,Clothing,8,186,3159
27,2023-01-27,1805,Male,48,Clothing,3,213,1284
28,2023-01-28,1385,Male,41,Electronics,3,80,276
29,2023-01-29,1191,Female,52,Food,4,396,4193
30,2023-01-30,1955,Male,61,Beauty,1,275,3009
31,2023-01-31,1276,Female,62,Beauty,9,107,1880
32,2023-02-01,1160,Female,51,Electronics,8,354,3829
33,2023-02-02,1459,Male,20,Clothing,8,300,236
34,2023-02-03,1313,Male,54,Electronics,6,217,2927
35,2023-02-04,1021,Male,60,Electronics,7,11,2585
36,2023-02-05,1252,Male,57,Electronics,6,133,1982
37,2023-02-06,1747,Female,43,Clothing,9,289,2974
38,2023-02-07,1856,Male,40,Food,3,83,898
39,2023-02-08,1560,Male,61,Electronics,3,175,2082
40,2023-02-09,1474,Male,56,Clothing,3,31,1302
41,2023-02-10,1058,Male,32,Food,3,163,1931
42,2023-02-11,1510,Male,21,Electronics,9,436,319
43,2023-02-12,1681,Male,46,Beauty,4,448,1680
44,2023-02-13,1475,Female,39,Food,7,304,4455
45,2023-02-14,1699,Female,42,Electronics,9,228,3253
46,2023-02-15,1975,Male,30,Food,7,166,1624
47,2023-02-16,1782,Male,35,Food,9,239,2942
48,2023-02-17,1189,Male,50,Food,3,29,1745
49,2023-02-18,1957,Female,33,Food,4,484,3308
50,2023-02-19,1686,Male,62,Food,8,50,3312
51,2023-02-20,1957,Female,59,Food,6,447,1495
52,2023-02-21,1562,Male,61,Electronics,5,157,269
53,2023-02-22,1875,Male,19,Beauty,4,117,102
54,2023-02-23,1566,Male,52,Clothing,8,412,1807
55,2023-02-24,1243,Male,59,Food,1,93,1716
56,2023-02-25,1831,Female,51,Clothing,9,492,2835
57,2023-02-26,1504,Female,47,Electronics,1,376,769
58,2023-02-27,1130,Male,30,Food,8,331,455
59,2023-02-28,1484,Male,30,Beauty,4,423,2344
60,2023-03-01,1818,Female,35,Clothing,9,318,121
61,2023-03-02,1646,Female,49,Food,5,299,2103
62,2023-03-03,1020,Female,49,Electronics,3,415,1279
63,2023-03-04,1840,Female,52,Beauty,9,332,1617
64,2023-03-05,1166,Male,56,Clothing,9,143,3732
65,2023-03-06,1273,Female,63,Clothing,4,216,3003
66,2023-03-07,1387,Male,46,Food,4,292,4532
67,2023-03-08,1600,Female,46,Beauty,8,275,748
68,2023-03-09,1315,Female,61,Beauty,2,82,876
69,2023-03-10,1013,Female,33,Beauty,9,490,398
70,2023-03-11,1241,Female,61,Beauty,6,361,3958
71,2023-03-12,1776,Female,64,Electronics,9,57,357
72,2023-03-13,1345,Male,27,Beauty,8,335,3466
73,2023-03-14,1564,Male,47,Clothing,7,242,2384
74,2023-03-15,1897,Female,42,Clothing,1,452,4911
75,2023-03-16,1339,Female,56,Electronics,3,109,4870
76,2023-03-17,1091,Male,37,Clothing,2,68,2859
77,2023-03-18,1366,Female,22,Clothing,5,267,3608
78,2023-03-19,1955,Female,18,Beauty,5,422,4528
79,2023-03-20,1454,Male,47,Clothing,5,461,3527
80,2023-03-21,1427,Female,20,Electronics,4,74,4670
81,2023-03-22,1508,Female,62,Beauty,5,92,2736
82,2023-03-23,1775,Male,31,Food,3,163,3035
83,2023-03-24,1942,Male,47,Beauty,1,482,325
84,2023-03-25,1034,Male,21,Electronics,5,275,2597
85,2023-03-26,1205,Female,35,Beauty,9,318,2814
86,2023-03-27,1080,Male,54,Beauty,9,88,386
87,2023-03-28,1931,Male,42,Electronics,4,324,2023
88,2023-03-29,1561,Male,18,Beauty,3,159,3029
89,2023-03-30,1871,Male,63,Electronics,1,444,4626
90,2023-03-31,1387,Male,32,Electronics,2,57,4018
91,2023-04-01,1001,Male,26,Food,8,414,960
92,2023-04-02,1389,Female,32,Clothing,1,388,2046
93,2023-04-03,1565,Female,41,Clothing,8,257,3179
94,2023-04-04,1105,Male,21,Beauty,7,287,4254
95,2023-04-05,1771,Male,29,Beauty,8,365,3807
96,2023-04-06,1821,Male,54,Food,6,107,377
97,2023-04-07,1476,Female,54,Food,9,423,1849
98,2023-04-08,1702,Female,60,Food,3,34,364
99,2023-04-09,1401,Female,23,Electronics,4,293,3595
100,2023-04-10,1729,Female,56,Food,6,458,1184
101,2023-04-11,1555,Female,63,Food,8,378,2796
102,2023-04-12,1161,Female,41,Beauty,5,310,4926
103,2023-04-13,1201,Female,28,Food,3,77,1570
104,2023-04-14,1957,Female,30,Electronics,6,16,205
105,2023-04-15,1995,Female,51,Electronics,4,314,1774
106,2023-04-16,1269,Male,42,Beauty,9,146,3393
107,2023-04-17,1862,Male,24,Food,3,173,936
108,2023-04-18,1815,Male,21,Food,4,92,3123
109,2023-04-19,1270,Male,25,Electronics,7,394,2855
110,2023-04-20,1455,Female,37,Food,7,147,771
111,2023-04-21,1461,Female,46,Food,4,429,962
112,2023-04-22,1726,Male,62,Food,6,82,3407
113,2023-04-23,1251,Female,63,Clothing,3,246,920
114,2023-04-24,1701,Male,27,Beauty,6,55,4158
115,2023-04-25,1295,Female,60,Clothing,2,115,547
116,2023-04-26,1724,Male,51,Beauty,8,425,1806
117,2023-04-27,1719,Female,43,Electronics,2,297,1167
118,2023-04-28,1748,Female,58,Food,7,271,3459
119,2023-04-29,1337,Male,20,Beauty,9,185,2878
120,2023-04-30,1878,Female,23,Clothing,1,175,1697
121,2023-05-01,1052,Male,22,Food,8,154,3033
122,2023-05-02,1791,Male,22,Electronics,7,339,192
123,2023-05-03,1921,Male,64,Beauty,6,379,2811
124,2023-05-04,1216,Male,40,Beauty,6,292,3485
125,2023-05-05,1763,Female,26,Beauty,6,63,4710
126,2023-05-06,1187,Female,52,Food,9,187,2481
127,2023-05-07,1379,Female,37,Clothing,2,428,4562
128,2023-05-08,1492,Male,59,Clothing,1,253,1898
129,2023-05-09,1040,Female,52,Beauty,6,350,2746
130,2023-05-10,1156,Male,35,Electronics,8,136,1767
131,2023-05-11,1014,Female,34,Electronics,3,418,3122
132,2023-05-12,1812,Female,41,Clothing,1,421,1117
133,2023-05-13,1064,Female,20,Electronics,9,376,2836
134,2023-05-14,1856,Male,49,Clothing,1,280,3841
135,2023-05-15,1838,Female,52,Beauty,3,141,1338
136,2023-05-16,1520,Female,55,Clothing,8,102,3921
137,2023-05-17,1343,Male,30,Clothing,3,388,1856
138,2023-05-18,1128,Female,64,Beauty,4,82,1554
139,2023-05-19,1647,Male,42,Electronics,8,420,3358
140,2023-05-20,1471,Female,26,Clothing,1,419,3001
141,2023-05-21,1062,Male,21,Clothing,6,412,121
142,2023-05-22,1138,Male,31,Beauty,1,257,1740
143,2023-05-23,1498,Female,54,Electronics,1,357,1394
144,2023-05-24,1592,Male,51,Clothing,8,282,3353
145,2023-05-25,1391,Male,28,Beauty,4,52,3163
146,2023-05-26,1674,Male,58,Clothing,1,386,932
147,2023-05-27,1418,Male,20,Food,7,50,4284
148,2023-05-28,1288,Male,45,Beauty,5,179,2712
149,2023-05-29,1378,Male,46,Electronics,5,443,1554
150,2023-05-30,1772,Female,26,Electronics,1,221,2513
151,2023-05-31,1489,Male,20,Electronics,6,177,2603
152,2023-06-01,1230,Male,42,Electronics,9,48,782
153,2023-06-02,1040,Female,51,Clothing,9,378,1798
154,2023-06-03,1027,Female,29,Clothing,8,254,3974
155,2023-06-04,1134,Female,59,Electronics,5,160,473
156,2023-06-05,1200,Female,26,Electronics,1,120,3528
157,2023-06-06,1839,Female,32,Electronics,9,489,1641
158,2023-06-07,1779,Female,57,Clothing,1,445,4535
159,2023-06-08,1929,Female,42,Electronics,8,56,4487
160,2023-06-09,1032,Male,22,Electronics,5,72,4759
161,2023-06-10,1047,Male,28,Food,3,234,542
162,2023-06-11,1502,Female,51,Food,7,375,241
163,2023-06-12,1406,Male,41,Electronics,7,78,548
164,2023-06-13,1573,Male,32,Beauty,9,308,4967
165,2023-06-14,1727,Male,55,Electronics,7,441,1306
166,2023-06-15,1804,Female,25,Food,3,299,2018
167,2023-06-16,1098,Female,22,Beauty,1,305,4372
168,2023-06-17,1683,Male,43,Beauty,8,212,2236
169,2023-06-18,1871,Female,35,Electronics,3,70,866
170,2023-06-19,1725,Male,23,Food,8,443,3270
171,2023-06-20,1986,Male,54,Food,8,460,1523
172,2023-06-21,1546,Male,30,Beauty,5,327,1136
173,2023-06-22,1960,Male,45,Electronics,1,323,4249
174,2023-06-23,1738,Female,22,Clothing,7,170,1924
175,2023-06-24,1612,Female,30,Clothing,5,340,920
176,2023-06-25,1942,Female,34,Food,8,25,4813
177,2023-06-26,1461,Male,57,Clothing,9,347,2092
178,2023-06-27,1642,Female,62,Food,7,103,322
179,2023-06-28,1768,Male,49,Food,7,313,1079
180,2023-06-29,1004,Female,46,Food,1,147,3268
181,2023-06-30,1217,Male,20,Clothing,4,347,4119
182,2023-07-01,1502,Male,57,Food,2,47,1101
183,2023-07-02,1766,Male,51,Beauty,2,136,4083
184,2023-07-03,1397,Female,57,Electronics,2,284,1623
185,2023-07-04,1870,Female,44,Electronics,4,173,3240
186,2023-07-05,1794,Female,30,Food,1,452,4438
187,2023-07-06,1392,Female,62,Electronics,4,328,3847
188,2023-07-07,1206,Male,50,Clothing,2,86,3339
189,2023-07-08,1014,Female,23,Clothing,5,183,3797
190,2023-07-09,1857,Female,41,Electronics,3,396,2155
191,2023-07-10,1553,Male,36,Clothing,8,467,357
192,2023-07-11,1891,Male,33,Electronics,4,367,3409
193,2023-07-12,1460,Male,57,Electronics,1,330,3226
194,2023-07-13,1690,Female,45,Electronics,1,385,1301
195,2023-07-14,1574,Male,50,Food,3,100,2797
196,2023-07-15,1863,Male,58,Electronics,9,247,1567
197,2023-07-16,1742,Male,30,Food,7,273,1428
198,2023-07-17,1240,Female,60,Electronics,2,188,4941
199,2023-07-18,1563,Male,62,Electronics,9,499,2011
200,2023-07-19,1095,Female,42,Electronics,2,218,4355
201,2023-07-20,1899,Female,59,Clothing,3,82,2913
202,2023-07-21,1733,Male,53,Food,2,399,2706
203,2023-07-22,1484,Male,44,Food,3,116,2544
204,2023-07-23,1406,Female,55,Electronics,6,354,4617
205,2023-07-24,1230,Male,24,Electronics,9,304,4055
206,2023-07-25,1748,Male,22,Clothing,9,378,3613
207,2023-07-26,1654,Female,60,Clothing,7,453,972
208,2023-07-27,1170,Female,62,Clothing,3,293,4282
209,2023-07-28,1540,Male,48,Food,4,362,4512
210,2023-07-29,1035,Female,40,Food,6,191,3009
211,2023-07-30,1524,Male,59,Food,5,46,233
212,2023-07-31,1159,Male,27,Electronics,2,146,3408
213,2023-08-01,1838,Male,49,Food,6,347,1448
214,2023-08-02,1698,Female,60,Beauty,3,65,2846
215,2023-08-03,1242,Male,47,Beauty,8,196,586
216,2023-08-04,1085,Male,56,Clothing,2,350,1323
217,2023-08-05,1795,Male,48,Food,1,267,3017
218,2023-08-06,1577,Female,35,Beauty,9,454,3099
219,2023-08-07,1681,Female,53,Clothing,3,67,1146
220,2023-08-08,1556,Female,19,Food,1,372,1355
221,2023-08-09,1573,Female,31,Electronics,7,132,965
222,2023-08-10,1952,Female,30,Beauty,5,197,3131
223,2023-08-11,1645,Male,46,Electronics,5,239,4297
224,2023-08-12,1795,Female,29,Food,1,177,1078
225,2023-08-13,1027,Female,56,Beauty,9,429,2027
226,2023-08-14,1619,Female,19,Food,7,123,3404
227,2023-08-15,1555,Male,49,Electronics,8,261,2561
228,2023-08-16,1339,Female,30,Beauty,9,116,320
229,2023-08-17,1797,Female,63,Electronics,6,46,1236
230,2023-08-18,1957,Male,44,Food,5,344,4605
231,2023-08-19,1330,Female,58,Food,6,101,4250
232,2023-08-20,1639,Male,34,Electronics,2,27,3814
233,2023-08-21,1505,Male,57,Beauty,4,363,2448
234,2023-08-22,1347,Male,48,Electronics,3,72,4579
235,2023-08-23,1472,Male,51,Food,7,159,4285
236,2023-08-24,1230,Male,41,Electronics,9,148,4232
237,2023-08-25,1189,Female,62,Food,5,195,1761
238,2023-08-26,1224,Male,52,Electronics,6,194,2280
239,2023-08-27,1384,Male,23,Beauty,2,214,178
240,2023-08-28,1376,Female,36,Beauty,3,269,1319
241,2023-08-29,1282,Male,47,Electronics,3,223,3722
242,2023-08-30,1957,Female,24,Electronics,9,265,1651
243,2023-08-31,1632,Female,27,Beauty,7,144,4815
244,2023-09-01,1627,Female,58,Food,8,70,4020
245,2023-09-02,1972,Male,49,Beauty,9,372,4294
246,2023-09-03,1744,Male,51,Food,6,319,4997
247,2023-09-04,1258,Male,45,Electronics,4,97,677
248,2023-09-05,1358,Female,32,Electronics,1,333,3847
249,2023-09-06,1709,Male,47,Food,8,485,2094
250,2023-09-07,1455,Male,54,Electronics,7,216,3602
251,2023-09-08,1410,Male,46,Food,2,138,2391
252,2023-09-09,1648,Female,39,Clothing,8,320,3264
253,2023-09-10,1317,Female,21,Beauty,5,12,299
254,2023-09-11,1676,Male,37,Clothing,7,471,2975
255,2023-09-12,1224,Male,49,Food,4,431,1024
256,2023-09-13,1818,Male,53,Beauty,5,251,1375
257,2023-09-14,1233,Male,21,Food,8,130,1033
258,2023-09-15,1683,Female,44,Beauty,1,394,938
259,2023-09-16,1663,Female,34,Beauty,1,111,2987
260,2023-09-17,1974,Female,29,Beauty,4,47,2167
261,2023-09-18,1826,Female,39,Beauty,3,350,2722
262,2023-09-19,1373,Male,34,Food,2,422,1376
263,2023-09-20,1671,Male,27,Beauty,3,142,520
264,2023-09-21,1607,Male,18,Beauty,1,211,2037
265,2023-09-22,1471,Female,39,Clothing,1,357,140
266,2023-09-23,1232,Male,43,Electronics,6,30,579
267,2023-09-24,1691,Female,35,Electronics,5,251,4806
268,2023-09-25,1112,Female,31,Clothing,8,464,4109
269,2023-09-26,1829,Male,64,Clothing,2,460,4884
270,2023-09-27,1496,Male,46,Food,4,118,2823
271,2023-09-28,1441,Male,29,Food,8,312,1736
272,2023-09-29,1563,Female,53,Food,6,93,241
273,2023-09-30,1267,Male,52,Clothing,1,92,2036
274,2023-10-01,1509,Female,29,Clothing,4,300,3673
275,2023-10-02,1806,Male,24,Beauty,1,461,2235
276,2023-10-03,1385,Female,46,Food,2,78,4490
277,2023-10-04,1386,Female,28,Food,5,138,1058
278,2023-10-05,1112,Male,50,Food,8,205,3833
279,2023-10-06,1612,Female,23,Electronics,8,149,4348
280,2023-10-07,1624,Female,64,Beauty,3,453,4718
281,2023-10-08,1951,Male,32,Food,4,292,4337
282,2023-10-09,1080,Female,49,Food,6,321,2102
283,2023-10-10,1698,Male,28,Food,3,243,3358
284,2023-10-11,1112,Female,40,Electronics,2,32,1766
285,2023-10-12,1001,Male,43,Electronics,6,162,360
286,2023-10-13,1641,Male,51,Clothing,5,286,4588
287,2023-10-14,1219,Female,63,Beauty,5,70,1310
288,2023-10-15,1565,Female,51,Clothing,5,328,3982
289,2023-10-16,1854,Female,46,Beauty,5,387,3318
290,2023-10-17,1996,Female,21,Electronics,3,61,634
291,2023-10-18,1735,Female,34,Food,7,353,2849
292,2023-10-19,1224,Male,52,Clothing,6,162,409
293,2023-10-20,1384,Female,30,Food,4,246,2916
294,2023-10-21,1402,Male,58,Clothing,2,320,2061
295,2023-10-22,1637,Male,56,Electronics,9,311,4989
296,2023-10-23,1129,Female,32,Electronics,1,41,4056
297,2023-10-24,1052,Male,46,Electronics,4,64,1675
298,2023-10-25,1683,Male,46,Clothing,1,361,2814
299,2023-10-26,1729,Male,28,Beauty,6,398,940
300,2023-10-27,1671,Male,49,Clothing,4,45,781
301,2023-10-28,1709,Female,19,Beauty,5,119,4011
302,2023-10-29,1415,Male,64,Clothing,5,499,4751
303,2023-10-30,1246,Female,31,Clothing,9,186,2554
304,2023-10-31,1835,Female,37,Electronics,1,371,664
305,2023-11-01,1438,Male,39,Food,2,323,3856
306,2023-11-02,1202,Female,28,Food,6,304,1769
307,2023-11-03,1183,Female,44,Beauty,5,345,4819
308,2023-11-04,1122,Female,20,Food,7,106,1637
309,2023-11-05,1400,Male,34,Clothing,3,378,1661
310,2023-11-06,1766,Female,61,Clothing,3,222,946
311,2023-11-07,1293,Female,45,Electronics,2,326,327
312,2023-11-08,1279,Female,46,Electronics,3,146,4697
313,2023-11-09,1836,Male,38,Food,1,15,1686
314,2023-11-10,1883,Female,64,Beauty,5,118,2208
315,2023-11-11,1609,Male,33,Food,5,44,2482
316,2023-11-12,1197,Male,54,Food,7,48,3954
317,2023-11-13,1981,Male,37,Food,4,159,4906
318,2023-11-14,1906,Male,23,Food,3,434,3312
319,2023-11-15,1510,Male,36,Clothing,1,127,1499
320,2023-11-16,1751,Male,22,Beauty,8,270,4550
321,2023-11-17,1143,Female,20,Clothing,3,435,1282
322,2023-11-18,1608,Male,18,Beauty,2,96,4167
323,2023-11-19,1200,Female,55,Electronics,4,474,727
324,2023-11-20,1123,Female,32,Food,3,85,2708
325,2023-11-21,1186,Male,51,Clothing,1,480,2078
326,2023-11-22,1325,Female,52,Beauty,3,473,3808
327,2023-11-23,1463,Female,42,Electronics,2,460,4674
328,2023-11-24,1348,Female,41,Electronics,8,423,2087
329,2023-11-25,1770,Female,29,Food,6,322,2699
330,2023-11-26,1659,Male,35,Beauty,9,392,706
331,2023-11-27,1763,Female,32,Clothing,8,223,215
332,2023-11-28,1954,Male,61,Food,3,466,4994
333,2023-11-29,1931,Female,33,Clothing,5,294,4641
334,2023-11-30,1402,Female,44,Electronics,7,248,639
335,2023-12-01,1345,Male,25,Clothing,5,174,4574
336,2023-12-02,1962,Female,63,Clothing,8,96,2871
337,2023-12-03,1510,Female,42,Food,5,150,4308
338,2023-12-04,1146,Female,34,Clothing,1,169,1312
339,2023-12-05,1147,Male,46,Food,5,55,121
340,2023-12-06,1863,Female,25,Electronics,4,381,3566
341,2023-12-07,1710,Male,32,Food,6,121,4800
342,2023-12-08,1819,Female,44,Food,3,416,3630
343,2023-12-09,1488,Male,63,Beauty,5,54,318
344,2023-12-10,1928,Male,24,Clothing,2,410,1826
345,2023-12-11,1935,Female,20,Electronics,6,256,2512
346,2023-12-12,1639,Female,46,Food,6,113,1318
347,2023-12-13,1550,Male,61,Electronics,5,94,1065
348,2023-12-14,1337,Male,41,Beauty,6,459,2772
349,2023-12-15,1871,Female,20,Clothing,7,494,1133
350,2023-12-16,1640,Male,37,Food,5,143,4151
351,2023-12-17,1778,Female,63,Clothing,1,117,456
352,2023-12-18,1987,Female,32,Beauty,8,27,3126
353,2023-12-19,1952,Female,42,Beauty,4,103,1035
354,2023-12-20,1472,Female,47,Electronics,9,159,3653
355,2023-12-21,1945,Male,31,Food,6,255,4535
356,2023-12-22,1150,Female,24,Electronics,1,298,759
357,2023-12-23,1414,Male,34,Beauty,3,423,2668
358,2023-12-24,1989,Female,61,Clothing,3,218,4899
359,2023-12-25,1297,Male,37,Electronics,4,135,1461
360,2023-12-26,1610,Female,53,Electronics,6,244,4671
361,2023-12-27,1262,Male,26,Clothing,7,425,1535
362,2023-12-28,1763,Male,55,Electronics,4,435,3000
363,2023-12-29,1143,Female,39,Clothing,6,471,4701
364,2023-12-30,1345,Female,19,Food,1,131,2984
365,2023-12-31,1623,Female,41,Clothing,8,147,4164
366,2024-01-01,1571,Female,25,Food,7,124,4720
367,2024-01-02,1880,Male,28,Clothing,9,429,1053
368,2024-01-03,1001,Female,30,Beauty,3,171,2516
369,2024-01-04,1896,Male,34,Beauty,2,210,2516
370,2024-01-05,1303,Male,25,Food,1,243,1988
371,2024-01-06,1253,Female,38,Food,3,37,1989
372,2024-01-07,1651,Male,35,Beauty,5,20,1685
373,2024-01-08,1452,Male,47,Food,2,215,1748
374,2024-01-09,1036,Male,35,Clothing,3,176,4577
375,2024-01-10,1159,Male,63,Clothing,4,256,2141
376,2024-01-11,1008,Female,64,Beauty,7,56,1945
377,2024-01-12,1232,Female,48,Electronics,3,255,4290
378,2024-01-13,1098,Female,55,Clothing,9,136,3448
379,2024-01-14,1658,Female,49,Food,8,156,1123
380,2024-01-15,1815,Male,28,Electronics,4,127,2452
381,2024-01-16,1207,Male,62,Electronics,1,408,4945
382,2024-01-17,1130,Female,42,Clothing,1,391,3262
383,2024-01-18,1403,Female,50,Clothing,1,421,4087
384,2024-01-19,1151,Female,55,Electronics,1,161,1201
385,2024-01-20,1053,Male,58,Electronics,8,81,2495
386,2024-01-21,1119,Female,25,Beauty,3,372,2006
387,2024-01-22,1672,Female,28,Food,6,146,4608
388,2024-01-23,1919,Female,39,Beauty,3,184,3957
389,2024-01-24,1627,Male,41,Clothing,5,298,857
390,2024-01-25,1586,Male,58,Beauty,7,455,236
391,2024-01-26,1624,Male,34,Beauty,2,490,4877
392,2024-01-27,1967,Male,29,Beauty,6,28,4574
393,2024-01-28,1419,Male,63,Beauty,6,204,1357
394,2024-01-29,1421,Male,49,Food,3,339,2334
395,2024-01-30,1103,Male,32,Food,6,433,4916
396,2024-01-31,1851,Male,33,Electronics,5,184,807
397,2024-02-01,1253,Female,39,Clothing,2,499,4281
398,2024-02-02,1226,Female,45,Beauty,9,458,4937
399,2024-02-03,1111,Male,37,Electronics,8,422,3904
400,2024-02-04,1509,Male,50,Electronics,3,443,4316
401,2024-02-05,1472,Female,27,Electronics,8,363,2256
402,2024-02-06,1098,Male,57,Food,9,150,3608
403,2024-02-07,1152,Male,49,Beauty,3,255,1630
404,2024-02-08,1860,Male,50,Beauty,3,394,1011
405,2024-02-09,1913,Female,19,Clothing,2,427,3897
406,2024-02-10,1895,Female,50,Beauty,8,102,3625
407,2024-02-11,1877,Female,50,Beauty,1,441,925
408,2024-02-12,1337,Female,58,Electronics,8,248,2468
409,2024-02-13,1705,Female,30,Clothing,7,214,4248
410,2024-02-14,1821,Male,47,Beauty,7,57,1051
411,2024-02-15,1162,Female,50,Food,3,442,3434
412,2024-02-16,1719,Male,30,Beauty,1,254,4116
413,2024-02-17,1956,Male,43,Electronics,4,329,2895
414,2024-02-18,1680,Female,39,Food,9,326,1531
415,2024-02-19,1995,Female,56,Electronics,5,422,3351
416,2024-02-20,1160,Male,19,Beauty,1,304,707
417,2024-02-21,1579,Male,55,Food,5,137,2830
418,2024-02-22,1800,Male,56,Clothing,8,353,472
419,2024-02-23,1397,Female,43,Clothing,8,291,3731
420,2024-02-24,1276,Female,63,Food,5,26,4316
421,2024-02-25,1815,Female,32,Food,9,80,2760
422,2024-02-26,1915,Female,51,Electronics,1,278,502
423,2024-02-27,1503,Female,59,Food,4,334,2447
424,2024-02-28,1895,Male,61,Electronics,3,291,2025
425,2024-02-29,1391,Female,57,Beauty,2,314,1707
426,2024-03-01,1134,Male,28,Electronics,8,460,2591
427,2024-03-02,1194,Male,20,Food,7,16,3125
428,2024-03-03,1400,Male,23,Food,9,323,3214
429,2024-03-04,1639,Female,26,Beauty,2,314,3016
430,2024-03-05,1032,Female,23,Food,4,112,2103
431,2024-03-06,1687,Female,26,Food,6,318,337
432,2024-03-07,1459,Male,56,Clothing,3,202,3267
433,2024-03-08,1954,Male,48,Clothing,8,250,3904
434,2024-03-09,1882,Male,49,Beauty,3,71,1497
435,2024-03-10,1469,Male,58,Electronics,2,26,657
436,2024-03-11,1374,Male,29,Clothing,3,180,4602
437,2024-03-12,1021,Male,25,Electronics,6,34,1814
438,2024-03-13,1749,Female,25,Food,2,260,1275
439,2024-03-14,1669,Female,45,Clothing,8,262,1285
440,2024-03-15,1037,Female,37,Beauty,1,396,1079
441,2024-03-16,1229,Female,64,Beauty,7,216,2721
442,2024-03-17,1364,Male,24,Beauty,2,38,4012
443,2024-03-18,1562,Male,28,Clothing,6,126,4592
444,2024-03-19,1437,Female,37,Electronics,2,425,4980
445,2024-03-20,1775,Male,33,Food,2,291,3227
446,2024-03-21,1282,Female,21,Electronics,8,389,3772
447,2024-03-22,1026,Female,23,Electronics,2,153,4956
448,2024-03-23,1225,Female,39,Food,7,34,1525
449,2024-03-24,1276,Male,43,Food,3,319,2946
450,2024-03-25,1797,Female,20,Clothing,8,165,858
451,2024-03-26,1608,Female,58,Clothing,7,82,1028
452,2024-03-27,1283,Female,59,Clothing,8,129,2513
453,2024-03-28,1878,Male,31,Clothing,7,321,775
454,2024-03-29,1959,Male,28,Clothing,6,330,2551
455,2024-03-30,1480,Female,35,Food,7,102,3412
456,2024-03-31,1452,Male,29,Electronics,5,95,1266
457,2024-04-01,1828,Male,40,Clothing,7,345,4101
458,2024-04-02,1815,Male,29,Clothing,1,434,2247
459,2024-04-03,1658,Male,30,Electronics,1,373,2856
460,2024-04-04,1515,Male,42,Clothing,9,444,828
461,2024-04-05,1546,Male,62,Electronics,5,127,1022
462,2024-04-06,1191,Male,36,Electronics,5,242,2860
463,2024-04-07,1048,Male,63,Food,3,208,2173
464,2024-04-08,1511,Male,53,Beauty,5,215,648
465,2024-04-09,1016,Male,62,Food,3,422,3391
466,2024-04-10,1171,Female,25,Beauty,9,348,274
467,2024-04-11,1219,Female,46,Beauty,9,156,890
468,2024-04-12,1157,Male,49,Beauty,6,459,1864
469,2024-04-13,1476,Female,61,Clothing,1,434,4859
470,2024-04-14,1045,Female,35,Food,7,438,1156
471,2024-04-15,1372,Male,23,Beauty,7,280,174
472,2024-04-16,1517,Male,35,Electronics,4,396,3296
473,2024-04-17,1098,Male,36,Clothing,8,148,2981
474,2024-04-18,1891,Female,39,Food,6,190,4175
475,2024-04-19,1744,Female,54,Beauty,4,439,3021
476,2024-04-20,1036,Male,49,Electronics,4,39,2067
477,2024-04-21,1279,Male,58,Food,2,66,2465
478,2024-04-22,1348,Male,20,Food,2,241,4640
479,2024-04-23,1496,Female,45,Clothing,4,155,3146
480,2024-04-24,1301,Female,27,Food,5,444,1659
481,2024-04-25,1180,Female,52,Clothing,8,393,767
482,2024-04-26,1606,Female,46,Beauty,6,57,3611
483,2024-04-27,1098,Male,32,Clothing,4,203,1066
484,2024-04-28,1699,Male,50,Electronics,7,233,3615
485,2024-04-29,1992,Male,24,Clothing,8,145,4751
486,2024-04-30,1115,Male,29,Electronics,2,31,4520
487,2024-05-01,1190,Female,47,Clothing,7,15,2010
488,2024-05-02,1252,Female,38,Food,2,213,1098
489,2024-05-03,1980,Male,48,Beauty,2,248,1407
490,2024-05-04,1927,Male,41,Electronics,8,194,3476
491,2024-05-05,1982,Female,37,Clothing,2,369,165
492,2024-05-06,1160,Male,54,Clothing,9,301,2145
493,2024-05-07,1255,Female,21,Clothing,1,344,1851
494,2024-05-08,1322,Male,45,Food,9,229,2196
495,2024-05-09,1127,Male,61,Food,1,125,1670
496,2024-05-10,1017,Male,37,Electronics,2,322,4830
497,2024-05-11,1792,Male,41,Electronics,6,58,3000
498,2024-05-12,1734,Male,49,Food,6,182,3842
499,2024-05-13,1565,Male,58,Electronics,1,91,2991
500,2024-05-14,1569,Male,53,Beauty,7,331,4955
501,2024-05-15,1322,Female,51,Beauty,8,342,1027
502,2024-05-16,1871,Female,53,Food,2,54,3116
503,2024-05-17,1685,Female,19,Electronics,8,344,833
504,2024-05-18,1791,Female,32,Clothing,9,29,290
505,2024-05-19,1625,Female,51,Beauty,6,457,1603
506,2024-05-20,1287,Male,53,Food,5,230,4628
507,2024-05-21,1942,Male,23,Electronics,9,132,1062
508,2024-05-22,1853,Female,56,Food,9,243,236
509,2024-05-23,1662,Male,59,Clothing,1,230,1931
510,2024-05-24,1961,Female,29,Beauty,3,332,4636
511,2024-05-25,1638,Female,20,Food,9,348,480
512,2024-05-26,1154,Male,62,Food,2,12,288
513,2024-05-27,1489,Male,35,Food,4,191,2395
514,2024-05-28,1385,Male,57,Clothing,4,215,125
515,2024-05-29,1985,Female,38,Food,2,329,1406
516,2024-05-30,1784,Male,32,Clothing,3,49,4972
517,2024-05-31,1103,Female,50,Clothing,3,68,2380
518,2024-06-01,1928,Female,52,Clothing,1,448,4736
519,2024-06-02,1392,Female,43,Beauty,6,71,1952
520,2024-06-03,1810,Male,25,Beauty,8,141,4063
521,2024-06-04,1245,Male,53,Food,3,69,4720
522,2024-06-05,1175,Female,47,Food,5,381,2109
523,2024-06-06,1038,Male,40,Beauty,1,340,190
524,2024-06-07,1476,Male,59,Electronics,7,131,1839
525,2024-06-08,1681,Male,61,Beauty,1,488,3676
526,2024-06-09,1758,Female,31,Clothing,9,116,66
527,2024-06-10,1537,Female,31,Beauty,8,105,4398
528,2024-06-11,1866,Male,19,Clothing,7,356,514
529,2024-06-12,1817,Female,54,Food,7,423,4521
530,2024-06-13,1920,Male,22,Electronics,5,244,1877
531,2024-06-14,1407,Male,55,Food,5,395,3078
532,2024-06-15,1524,Male,62,Clothing,5,71,569
533,2024-06-16,1827,Male,58,Clothing,1,265,139
534,2024-06-17,1505,Female,64,Clothing,8,58,4865
535,2024-06-18,1902,Female,31,Electronics,1,402,2901
536,2024-06-19,1824,Female,56,Beauty,4,357,2893
537,2024-06-20,1035,Male,42,Food,9,168,4775
538,2024-06-21,1684,Male,37,Food,9,133,1934
539,2024-06-22,1019,Male,19,Beauty,5,491,4221
540,2024-06-23,1320,Female,56,Food,4,326,975
541,2024-06-24,1775,Male,23,Electronics,3,216,3784
542,2024-06-25,1511,Female,34,Food,3,57,1019
543,2024-06-26,1399,Female,42,Clothing,5,418,1144
544,2024-06-27,1653,Female,45,Beauty,1,429,3245
545,2024-06-28,1971,Female,19,Electronics,5,145,1454
546,2024-06-29,1882,Female,52,Beauty,6,210,3414
547,2024-06-30,1470,Female,54,Electronics,7,259,4340
548,2024-07-01,1142,Male,22,Clothing,9,323,4032
549,2024-07-02,1091,Male,18,Beauty,3,366,4373
550,2024-07-03,1353,Female,57,Food,2,377,4063
551,2024-07-04,1833,Female,29,Electronics,3,438,4606
552,2024-07-05,1799,Male,53,Beauty,9,327,4763
553,2024-07-06,1726,Female,62,Food,7,304,3142
554,2024-07-07,1958,Female,40,Beauty,9,489,4209
555,2024-07-08,1853,Male,64,Beauty,2,323,2124
556,2024-07-09,1050,Female,48,Beauty,5,218,334
557,2024-07-10,1664,Female,28,Electronics,4,364,4983
558,2024-07-11,1697,Female,27,Food,2,494,4976
559,2024-07-12,1574,Male,20,Clothing,9,220,1237
560,2024-07-13,1189,Male,31,Electronics,9,201,4019
561,2024-07-14,1124,Male,33,Electronics,6,53,3015
562,2024-07-15,1149,Female,27,Electronics,6,38,4369
563,2024-07-16,1313,Female,46,Clothing,8,68,833
564,2024-07-17,1569,Male,27,Food,6,80,999
565,2024-07-18,1341,Female,29,Food,1,101,3989
566,2024-07-19,1304,Female,47,Food,4,274,94
567,2024-07-20,1691,Female,58,Beauty,7,392,1860
568,2024-07-21,1681,Female,18,Beauty,2,229,4616
569,2024-07-22,1837,Female,22,Beauty,9,399,2131
570,2024-07-23,1782,Male,37,Clothing,8,422,3548
571,2024-07-24,1053,Female,25,Beauty,8,451,879
572,2024-07-25,1443,Male,60,Clothing,7,410,1959
573,2024-07-26,1612,Female,29,Food,4,409,2631
574,2024-07-27,1992,Male,18,Beauty,2,224,741
575,2024-07-28,1263,Female,37,Beauty,3,488,4069
576,2024-07-29,1052,Male,45,Electronics,6,396,981
577,2024-07-30,1571,Female,60,Clothing,5,286,4986
578,2024-07-31,1619,Male,54,Food,8,73,3456
579,2024-08-01,1004,Female,64,Electronics,6,355,197
580,2024-08-02,1102,Male,54,Electronics,6,301,1082
581,2024-08-03,1195,Female,29,Food,1,499,1361
582,2024-08-04,1773,Male,54,Electronics,4,494,437
583,2024-08-05,1876,Male,61,Clothing,5,254,3171
584,2024-08-06,1991,Female,45,Clothing,3,479,1923
585,2024-08-07,1883,Female,64,Beauty,9,71,3638
586,2024-08-08,1349,Male,32,Electronics,1,435,965
587,2024-08-09,1046,Female,23,Beauty,6,341,1928
588,2024-08-10,1866,Male,61,Electronics,6,179,3798
589,2024-08-11,1822,Male,37,Clothing,5,454,327
590,2024-08-12,1935,Male,31,Clothing,5,278,2027
591,2024-08-13,1819,Female,19,Clothing,5,276,1909
592,2024-08-14,1655,Male,26,Electronics,6,63,3086
593,2024-08-15,1268,Male,54,Clothing,8,25,3421
594,2024-08-16,1369,Female,37,Electronics,2,17,4763
595,2024-08-17,1635,Female,43,Beauty,6,113,2232
596,2024-08-18,1105,Female,46,Electronics,1,68,4725
597,2024-08-19,1669,Female,18,Beauty,4,322,1220
598,2024-08-20,1658,Male,52,Electronics,3,49,539
599,2024-08-21,1656,Male,23,Beauty,9,246,2575
600,2024-08-22,1119,Male,54,Clothing,3,452,1232
601,2024-08-23,1830,Male,22,Beauty,6,395,4529
602,2024-08-24,1786,Female,50,Clothing,1,103,4308
603,2024-08-25,1603,Male,31,Clothing,6,231,2538
604,2024-08-26,1057,Male,29,Beauty,4,213,1926
605,2024-08-27,1950,Female,59,Electronics,8,147,2512
606,2024-08-28,1345,Male,37,Electronics,9,309,1680
607,2024-08-29,1740,Male,41,Food,4,404,337
608,2024-08-30,1473,Male,60,Electronics,6,216,4332
609,2024-08-31,1116,Male,51,Food,1,345,1957
610,2024-09-01,1829,Male,42,Electronics,4,90,1211
611,2024-09-02,1790,Male,46,Electronics,7,227,179
612,2024-09-03,1126,Female,56,Clothing,1,11,2413
613,2024-09-04,1392,Female,48,Food,8,187,193
614,2024-09-05,1907,Male,64,Electronics,6,405,65
615,2024-09-06,1640,Male,60,Food,5,380,294
616,2024-09-07,1057,Female,40,Clothing,9,355,976
617,2024-09-08,1633,Male,61,Clothing,2,288,3228
618,2024-09-09,1512,Male,55,Food,5,155,2226
619,2024-09-10,1750,Male,37,Clothing,6,327,936
620,2024-09-11,1801,Female,40,Beauty,7,233,390
621,2024-09-12,1095,Male,62,Beauty,5,378,2101
622,2024-09-13,1637,Female,33,Clothing,9,393,3448
623,2024-09-14,1117,Male,59,Beauty,1,71,4000
624,2024-09-15,1559,Female,25,Electronics,7,303,355
625,2024-09-16,1600,Female,38,Food,7,248,957
626,2024-09-17,1487,Male,18,Electronics,4,204,2704
627,2024-09-18,1236,Female,25,Food,9,175,3842
628,2024-09-19,1884,Male,46,Clothing,5,460,4092
629,2024-09-20,1896,Female,49,Electronics,4,231,1421
630,2024-09-21,1271,Male,55,Clothing,7,70,370
631,2024-09-22,1188,Male,22,Clothing,4,138,4704
632,2024-09-23,1998,Female,64,Food,3,487,4109
633,2024-09-24,1703,Male,39,Food,9,182,1181
634,2024-09-25,1446,Male,64,Food,8,489,2628
635,2024-09-26,1580,Female,51,Electronics,1,165,4092
636,2024-09-27,1789,Male,18,Beauty,7,414,3417
637,2024-09-28,1860,Male,43,Food,9,387,867
638,2024-09-29,1246,Female,60,Food,8,119,61
639,2024-09-30,1962,Female,27,Electronics,8,278,244
640,2024-10-01,1075,Male,47,Food,6,420,2587
641,2024-10-02,1153,Male,35,Electronics,4,365,2892
642,2024-10-03,1655,Female,34,Clothing,8,400,2279
643,2024-10-04,1434,Female,43,Food,3,287,3059
644,2024-10-05,1996,Male,25,Food,9,83,4801
645,2024-10-06,1085,Female,64,Clothing,2,496,2127
646,2024-10-07,1696,Male,57,Clothing,2,446,3917
647,2024-10-08,1284,Male,29,Clothing,7,472,4923
648,2024-10-09,1973,Male,44,Food,4,216,493
649,2024-10-10,1219,Male,25,Beauty,8,397,347
650,2024-10-11,1068,Male,42,Beauty,9,489,4953
651,2024-10-12,1046,Female,63,Beauty,7,288,894
652,2024-10-13,1093,Female,21,Food,5,384,1065
653,2024-10-14,1749,Female,50,Clothing,8,335,1434
654,2024-10-15,1957,Female,18,Food,4,481,1447
655,2024-10-16,1452,Male,36,Clothing,2,349,603
656,2024-10-17,1203,Male,48,Food,6,366,2400
657,2024-10-18,1911,Male,33,Food,9,349,4566
658,2024-10-19,1217,Male,31,Clothing,1,213,1319
659,2024-10-20,1473,Female,22,Beauty,7,170,1310
660,2024-10-21,1431,Male,58,Clothing,9,37,234
661,2024-10-22,1340,Male,43,Electronics,9,401,4613
662,2024-10-23,1550,Female,45,Electronics,3,266,2460
663,2024-10-24,1611,Female,19,Clothing,5,174,4481
664,2024-10-25,1288,Female,23,Food,8,72,2259
665,2024-10-26,1253,Female,26,Electronics,8,31,3722
666,2024-10-27,1733,Male,50,Electronics,4,79,4733
667,2024-10-28,1356,Male,58,Food,1,390,1931
668,2024-10-29,1022,Female,42,Food,1,414,4346
669,2024-10-30,1761,Male,30,Beauty,4,105,571
670,2024-10-31,1521,Male,26,Food,6,172,1937
671,2024-11-01,1757,Male,30,Clothing,8,88,2602
672,2024-11-02,1836,Female,48,Clothing,6,14,3859
673,2024-11-03,1099,Male,58,Beauty,9,325,4933
674,2024-11-04,1801,Female,28,Electronics,9,129,4205
675,2024-11-05,1179,Male,21,Electronics,2,311,4723
676,2024-11-06,1222,Male,51,Food,1,187,4466
677,2024-11-07,1905,Male,55,Clothing,2,185,3529
678,2024-11-08,1761,Female,63,Electronics,5,399,1459
679,2024-11-09,1658,Male,21,Beauty,4,226,1744
680,2024-11-10,1441,Female,55,Beauty,4,65,4714
681,2024-11-11,1607,Female,36,Clothing,9,375,576
682,2024-11-12,1768,Female,23,Beauty,8,196,2710
683,2024-11-13,1324,Male,51,Beauty,6,241,2222
684,2024-11-14,1515,Male,35,Clothing,1,264,329
685,2024-11-15,1015,Male,30,Food,2,422,3014
686,2024-11-16,1791,Male,58,Food,6,464,4027
687,2024-11-17,1335,Female,40,Beauty,2,113,2719
688,2024-11-18,1758,Female,36,Food,5,86,2943
689,2024-11-19,1257,Female,62,Food,5,239,1801
690,2024-11-20,1496,Male,28,Beauty,6,411,4031
691,2024-11-21,1987,Female,18,Food,6,267,4819
692,2024-11-22,1895,Male,41,Beauty,6,273,2411
693,2024-11-23,1159,Female,24,Electronics,2,340,4477
694,2024-11-24,1474,Male,42,Clothing,3,490,4181
695,2024-11-25,1851,Male,38,Clothing,6,191,1758
696,2024-11-26,1663,Female,32,Food,8,390,2736
697,2024-11-27,1907,Female,18,Food,1,265,2945
698,2024-11-28,1689,Female,29,Food,1,47,4585
699,2024-11-29,1674,Female,24,Clothing,2,185,2826
700,2024-11-30,1379,Male,32,Electronics,6,36,1169
701,2024-12-01,1544,Female,38,Electronics,9,285,3038
702,2024-12-02,1928,Female,36,Clothing,4,149,4309
703,2024-12-03,1956,Female,46,Electronics,3,308,4293
704,2024-12-04,1690,Male,42,Clothing,8,454,244
705,2024-12-05,1426,Male,50,Electronics,9,296,712
706,2024-12-06,1612,Female,49,Beauty,5,100,529
707,2024-12-07,1267,Male,52,Beauty,9,489,4268
708,2024-12-08,1834,Female,61,Clothing,2,70,1473
709,2024-12-09,1576,Male,55,Electronics,3,467,2758
710,2024-12-10,1416,Male,43,Food,7,460,3225
711,2024-12-11,1167,Male,28,Electronics,7,374,3864
712,2024-12-12,1841,Male,52,Beauty,6,356,2064
713,2024-12-13,1042,Female,25,Beauty,6,172,3839
714,2024-12-14,1555,Female,63,Electronics,2,360,4855
715,2024-12-15,1284,Female,31,Electronics,6,152,2493
716,2024-12-16,1396,Male,27,Food,4,409,961
717,2024-12-17,1011,Female,19,Food,3,262,3263
718,2024-12-18,1606,Female,63,Electronics,2,278,2414
719,2024-12-19,1301,Female,26,Electronics,1,378,3679
720,2024-12-20,1897,Male,20,Electronics,5,300,3522
721,2024-12-21,1252,Male,38,Electronics,2,468,730
722,2024-12-22,1498,Male,43,Clothing,2,196,4701
723,2024-12-23,1753,Female,25,Electronics,7,414,659
724,2024-12-24,1034,Female,19,Food,8,447,2206
725,2024-12-25,1726,Female,23,Beauty,8,468,3916
726,2024-12-26,1848,Male,45,Clothing,4,423,421
727,2024-12-27,1089,Male,46,Electronics,1,313,665
728,2024-12-28,1775,Female,43,Beauty,7,300,2303
729,2024-12-29,1604,Male,42,Clothing,1,95,4992
730,2024-12-30,1921,Male,29,Beauty,4,175,4188
731,2024-12-31,1969,Male,22,Electronics,8,424,914
732,2025-01-01,1601,Male,51,Electronics,2,471,1318
733,2025-01-02,1417,Female,54,Food,6,417,834
734,2025-01-03,1114,Male,32,Electronics,6,123,4621
735,2025-01-04,1616,Male,61,Electronics,9,442,4228
736,2025-01-05,1902,Male,53,Clothing,5,489,2287
737,2025-01-06,1195,Male,32,Food,4,365,4104
738,2025-01-07,1825,Female,60,Clothing,5,425,4945
739,2025-01-08,1500,Female,40,Beauty,5,192,985
740,2025-01-09,1625,Male,23,Electronics,8,216,4030
741,2025-01-10,1492,Male,63,Beauty,8,265,2388
742,2025-01-11,1074,Male,61,Clothing,2,244,375
743,2025-01-12,1412,Male,60,Electronics,7,451,1584
744,2025-01-13,1375,Male,62,Electronics,8,364,3530
745,2025-01-14,1419,Male,38,Clothing,6,12,3911
746,2025-01-15,1728,Female,40,Clothing,5,217,2035
747,2025-01-16,1276,Male,60,Clothing,9,206,4982
748,2025-01-17,1760,Female,33,Clothing,3,350,4653
749,2025-01-18,1675,Female,64,Clothing,4,134,2828
750,2025-01-19,1393,Male,32,Electronics,9,147,1320
751,2025-01-20,1868,Female,42,Clothing,6,348,690
752,2025-01-21,1456,Female,53,Electronics,8,34,4753
753,2025-01-22,1919,Female,28,Electronics,7,77,4128
754,2025-01-23,1191,Female,32,Clothing,2,70,4711
755,2025-01-24,1738,Female,21,Clothing,3,38,1417
756,2025-01-25,1688,Female,38,Food,1,392,4092
757,2025-01-26,1098,Male,30,Electronics,9,28,2625
758,2025-01-27,1547,Female,39,Clothing,7,180,3653
759,2025-01-28,1977,Female,36,Clothing,1,459,1631
760,2025-01-29,1998,Female,51,Clothing,3,83,2036
761,2025-01-30,1095,Male,31,Food,4,70,2290
762,2025-01-31,1663,Female,21,Food,4,436,4016
763,2025-02-01,1662,Male,63,Beauty,5,162,2155
764,2025-02-02,1189,Female,44,Electronics,3,285,178
765,2025-02-03,1735,Male,46,Beauty,3,57,4851
766,2025-02-04,1036,Male,64,Clothing,1,220,4046
767,2025-02-05,1779,Female,45,Food,7,352,901
768,2025-02-06,1368,Female,52,Food,1,417,4153
769,2025-02-07,1694,Male,25,Beauty,2,148,2126
770,2025-02-08,1524,Female,33,Food,4,119,3044
771,2025-02-09,1278,Male,59,Clothing,4,491,3794
772,2025-02-10,1216,Male,53,Food,5,192,2806
773,2025-02-11,1866,Male,47,Beauty,2,37,1694
774,2025-02-12,1872,Male,35,Clothing,4,206,4421
775,2025-02-13,1797,Male,19,Beauty,1,200,3194
776,2025-02-14,1272,Female,30,Food,2,324,292
777,2025-02-15,1880,Male,21,Beauty,1,398,4135
778,2025-02-16,1061,Male,43,Beauty,4,60,220
779,2025-02-17,1595,Female,42,Electronics,4,158,702
780,2025-02-18,1879,Male,47,Food,7,277,3562
781,2025-02-19,1728,Female,28,Food,9,59,1549
782,2025-02-20,1341,Female,24,Beauty,9,397,2149
783,2025-02-21,1396,Female,48,Electronics,5,255,2208
784,2025-02-22,1698,Male,61,Food,1,122,2022
785,2025-02-23,1018,Male,27,Clothing,1,179,3975
786,2025-02-24,1176,Male,56,Beauty,6,477,2308
787,2025-02-25,1611,Female,30,Food,2,175,4089
788,2025-02-26,1395,Male,48,Clothing,8,418,2085
789,2025-02-27,1444,Female,24,Food,9,23,3321
790,2025-02-28,1232,Male,59,Clothing,4,212,907
791,2025-03-01,1914,Female,59,Beauty,5,297,3873
792,2025-03-02,1075,Male,53,Food,8,404,1099
793,2025-03-03,1264,Male,37,Food,3,198,4040
794,2025-03-04,1454,Male,21,Electronics,5,411,348
795,2025-03-05,1795,Female,24,Beauty,3,164,973
796,2025-03-06,1717,Female,18,Clothing,3,64,4282
797,2025-03-07,1734,Male,61,Food,3,191,4356
798,2025-03-08,1383,Male,62,Food,7,219,2849
799,2025-03-09,1563,Female,59,Clothing,7,385,4925
800,2025-03-10,1850,Female,64,Beauty,7,480,4112
801,2025-03-11,1505,Female,30,Electronics,8,84,4095
802,2025-03-12,1366,Male,39,Electronics,5,286,1852
803,2025-03-13,1143,Female,38,Food,5,437,2763
804,2025-03-14,1884,Male,39,Clothing,4,142,4556
805,2025-03-15,1068,Female,45,Food,7,352,2903
806,2025-03-16,1098,Male,26,Clothing,4,434,2707
807,2025-03-17,1395,Female,43,Electronics,2,68,4572
808,2025-03-18,1024,Female,26,Beauty,4,354,3396
809,2025-03-19,1947,Female,32,Clothing,8,498,1521
810,2025-03-20,1890,Female,27,Electronics,9,191,2999
811,2025-03-21,1468,Female,41,Food,3,467,991
812,2025-03-22,1483,Male,59,Clothing,7,415,1957
813,2025-03-23,1564,Female,25,Beauty,9,348,4887
814,2025-03-24,1150,Female,41,Food,4,330,1293
815,2025-03-25,1143,Female,33,Food,3,73,4473
816,2025-03-26,1568,Male,43,Electronics,5,336,1516
817,2025-03-27,1038,Female,44,Clothing,1,269,4007
818,2025-03-28,1108,Male,54,Food,3,202,2016
819,2025-03-29,1692,Female,21,Beauty,8,152,425
820,2025-03-30,1041,Female,41,Clothing,8,113,312
821,2025-03-31,1185,Male,36,Beauty,4,469,4412
822,2025-04-01,1934,Female,53,Food,2,415,3438
823,2025-04-02,1397,Male,56,Beauty,8,223,3445
824,2025-04-03,1222,Male,27,Electronics,8,251,1994
825,2025-04-04,1633,Female,42,Beauty,4,440,1943
826,2025-04-05,1132,Male,35,Clothing,3,218,3684
827,2025-04-06,1162,Female,36,Beauty,2,102,1702
828,2025-04-07,1214,Female,53,Beauty,9,439,4191
829,2025-04-08,1732,Male,27,Electronics,1,151,3942
830,2025-04-09,1234,Male,50,Beauty,7,443,649
831,2025-04-10,1842,Male,22,Beauty,5,413,4865
832,2025-04-11,1657,Male,64,Food,8,443,1962
833,2025-04-12,1750,Female,52,Food,4,121,1342
834,2025-04-13,1587,Female,61,Clothing,7,426,650
835,2025-04-14,1008,Male,51,Food,5,384,430
836,2025-04-15,1073,Female,50,Food,5,68,4263
837,2025-04-16,1953,Female,38,Food,9,52,3687
838,2025-04-17,1491,Female,34,Food,9,216,2213
839,2025-04-18,1912,Female,39,Electronics,9,277,4405
840,2025-04-19,1252,Male,54,Food,6,305,1148
841,2025-04-20,1229,Male,32,Electronics,6,127,415
842,2025-04-21,1518,Female,52,Electronics,5,29,2620
843,2025-04-22,1173,Male,45,Food,9,231,3469
844,2025-04-23,1652,Male,24,Beauty,8,175,2526
845,2025-04-24,1167,Male,49,Electronics,7,140,840
846,2025-04-25,1169,Female,28,Beauty,7,165,3619
847,2025-04-26,1392,Female,27,Beauty,6,193,796
848,2025-04-27,1945,Female,26,Food,5,99,362
849,2025-04-28,1794,Male,31,Clothing,4,103,4683
850,2025-04-29,1633,Female,30,Food,3,22,970
851,2025-04-30,1193,Female,42,Clothing,3,470,1127
852,2025-05-01,1516,Male,19,Clothing,6,331,2879
853,2025-05-02,1028,Female,52,Food,4,302,2431
854,2025-05-03,1164,Female,24,Food,6,442,3668
855,2025-05-04,1421,Male,38,Clothing,3,239,847
856,2025-05-05,1338,Male,35,Food,4,331,4493
857,2025-05-06,1647,Male,20,Clothing,9,301,322
858,2025-05-07,1495,Female,59,Beauty,5,447,3060
859,2025-05-08,1364,Female,56,Food,7,35,4865
860,2025-05-09,1832,Female,58,Beauty,2,84,1823
861,2025-05-10,1341,Male,28,Electronics,5,465,2597
862,2025-05-11,1499,Male,56,Beauty,9,373,3214
863,2025-05-12,1656,Female,41,Beauty,3,433,4830
864,2025-05-13,1510,Female,63,Clothing,9,308,4767
865,2025-05-14,1326,Male,36,Beauty,6,159,996
866,2025-05-15,1216,Male,21,Food,4,157,2715
867,2025-05-16,1300,Male,43,Clothing,7,17,556
868,2025-05-17,1131,Male,55,Electronics,8,38,293
869,2025-05-18,1803,Female,59,Food,6,305,555
870,2025-05-19,1069,Male,49,Electronics,5,483,4567
871,2025-05-20,1251,Female,56,Beauty,6,423,3208
872,2025-05-21,1414,Female,62,Food,5,218,3640
873,2025-05-22,1786,Female,63,Food,8,137,1922
874,2025-05-23,1444,Male,53,Electronics,1,349,3843
875,2025-05-24,1875,Male,57,Food,7,125,1242
876,2025-05-25,1181,Male,54,Food,2,448,4475
877,2025-05-26,1166,Male,50,Food,9,153,4795
878,2025-05-27,1090,Female,53,Beauty,1,439,1514
879,2025-05-28,1713,Male,20,Electronics,6,327,440
880,2025-05-29,1857,Male,26,Food,9,244,4526
881,2025-05-30,1530,Female,25,Clothing,1,16,3427
882,2025-05-31,1038,Male,50,Clothing,4,473,4887
883,2025-06-01,1125,Female,23,Clothing,4,54,4965
884,2025-06-02,1450,Female,58,Clothing,9,452,722
885,2025-06-03,1172,Female,56,Beauty,5,248,2610
886,2025-06-04,1652,Female,21,Food,5,449,1261
887,2025-06-05,1753,Female,30,Electronics,6,441,979
888,2025-06-06,1219,Female,19,Food,1,164,1589
889,2025-06-07,1637,Female,22,Beauty,1,190,962
890,2025-06-08,1057,Female,61,Clothing,9,224,693
891,2025-06-09,1659,Male,44,Beauty,3,97,4572
892,2025-06-10,1475,Male,49,Food,4,265,551
893,2025-06-11,1455,Male,38,Electronics,1,82,779
894,2025-06-12,1828,Male,25,Beauty,9,428,1333
895,2025-06-13,1894,Female,55,Electronics,8,188,2168
896,2025-06-14,1360,Male,25,Beauty,2,221,4602
897,2025-06-15,1934,Female,20,Electronics,8,302,4436
898,2025-06-16,1000,Male,61,Electronics,7,243,3886
899,2025-06-17,1386,Male,20,Clothing,6,474,969
900,2025-06-18,1972,Male,39,Electronics,1,248,4100
901,2025-06-19,1347,Female,23,Clothing,7,232,2389
902,2025-06-20,1189,Male,19,Food,7,128,805
903,2025-06-21,1504,Female,40,Food,9,322,1919
904,2025-06-22,1190,Female,61,Clothing,1,273,4522
905,2025-06-23,1507,Male,19,Clothing,2,216,557
906,2025-06-24,1368,Male,55,Beauty,9,104,1486
907,2025-06-25,1408,Male,34,Beauty,9,382,2625
908,2025-06-26,1823,Female,52,Beauty,6,231,3476
909,2025-06-27,1928,Male,51,Food,6,375,608
910,2025-06-28,1933,Female,40,Beauty,4,285,3152
911,2025-06-29,1116,Female,47,Electronics,4,389,4566
912,2025-06-30,1133,Male,25,Electronics,5,240,3672
913,2025-07-01,1057,Male,39,Beauty,3,318,4449
914,2025-07-02,1555,Female,61,Electronics,1,128,4107
915,2025-07-03,1684,Female,53,Food,1,277,3765
916,2025-07-04,1671,Female,22,Electronics,7,442,1351
917,2025-07-05,1172,Male,30,Food,1,282,2205
918,2025-07-06,1828,Female,46,Clothing,1,73,742
919,2025-07-07,1814,Male,48,Clothing,3,307,4400
920,2025-07-08,1148,Female,64,Clothing,4,359,1528
921,2025-07-09,1079,Female,33,Clothing,4,422,306
922,2025-07-10,1885,Male,59,Electronics,2,412,2480
923,2025-07-11,1212,Female,47,Beauty,1,20,491
924,2025-07-12,1202,Male,33,Electronics,3,107,1931
925,2025-07-13,1763,Male,29,Food,4,443,2696
926,2025-07-14,1228,Female,34,Electronics,3,80,3870
927,2025-07-15,1675,Male,33,Electronics,8,373,4727
928,2025-07-16,1226,Male,29,Food,1,67,1785
929,2025-07-17,1658,Female,25,Clothing,2,299,3785
930,2025-07-18,1531,Male,37,Clothing,7,260,2695
931,2025-07-19,1440,Male,20,Clothing,4,285,68
932,2025-07-20,1401,Male,33,Beauty,8,59,1174
933,2025-07-21,1046,Female,47,Food,3,367,4035
934,2025-07-22,1232,Male,62,Food,6,225,2704
935,2025-07-23,1304,Female,40,Electronics,9,403,2130
936,2025-07-24,1525,Female,45,Beauty,1,425,1597
937,2025-07-25,1142,Male,57,Clothing,1,61,911
938,2025-07-26,1414,Male,22,Beauty,8,280,204
939,2025-07-27,1512,Male,37,Food,3,494,3544
940,2025-07-28,1372,Female,57,Food,5,93,954
941,2025-07-29,1565,Male,61,Electronics,1,396,1319
942,2025-07-30,1885,Male,18,Electronics,5,302,454
943,2025-07-31,1258,Male,47,Food,6,135,893
944,2025-08-01,1655,Male,38,Clothing,8,305,1832
945,2025-08-02,1470,Male,37,Clothing,3,81,1614
946,2025-08-03,1952,Female,23,Beauty,3,305,1234
947,2025-08-04,1970,Female,39,Food,9,245,796
948,2025-08-05,1011,Male,35,Food,4,65,1775
949,2025-08-06,1329,Male,25,Clothing,4,416,3238
950,2025-08-07,1735,Male,56,Clothing,7,369,320
951,2025-08-08,1783,Male,49,Food,2,404,4915
952,2025-08-09,1967,Female,50,Electronics,8,119,4006
953,2025-08-10,1357,Male,33,Food,6,201,221
954,2025-08-11,1971,Female,29,Food,3,401,323
955,2025-08-12,1407,Female,55,Clothing,9,102,2356
956,2025-08-13,1667,Male,51,Clothing,5,359,1208
957,2025-08-14,1372,Female,31,Electronics,8,65,1756
958,2025-08-15,1007,Female,53,Electronics,7,69,1821
959,2025-08-16,1121,Female,50,Beauty,8,147,471
960,2025-08-17,1347,Female,40,Food,7,48,1259
961,2025-08-18,1675,Male,62,Clothing,3,37,4725
962,2025-08-19,1089,Male,19,Electronics,2,58,940
963,2025-08-20,1647,Female,58,Beauty,7,429,4867
964,2025-08-21,1697,Male,38,Beauty,3,134,3317
965,2025-08-22,1315,Male,19,Clothing,3,22,1523
966,2025-08-23,1177,Male,44,Clothing,2,489,3293
967,2025-08-24,1539,Male,26,Beauty,4,45,4528
968,2025-08-25,1731,Male,18,Electronics,8,110,2231
969,2025-08-26,1868,Female,28,Beauty,1,291,1499
970,2025-08-27,1040,Male,20,Food,1,95,3146
971,2025-08-28,1739,Male,40,Food,5,13,3306
972,2025-08-29,1703,Male,43,Clothing,5,232,3206
973,2025-08-30,1922,Male,21,Electronics,1,347,1640
974,2025-08-31,1501,Female,35,Electronics,6,457,4289
975,2025-09-01,1958,Female,23,Food,1,175,4031
976,2025-09-02,1144,Female,52,Beauty,5,392,1485
977,2025-09-03,1200,Female,39,Clothing,9,353,273
978,2025-09-04,1928,Male,60,Beauty,5,392,269
979,2025-09-05,1723,Female,32,Beauty,6,385,4324
980,2025-09-06,1460,Male,39,Beauty,8,480,1704
981,2025-09-07,1731,Male,54,Electronics,1,287,4578
982,2025-09-08,1751,Male,59,Food,2,139,314
983,2025-09-09,1924,Male,29,Electronics,9,40,1003
984,2025-09-10,1908,Male,64,Food,3,384,4574
985,2025-09-11,1557,Female,59,Clothing,6,20,3783
986,2025-09-12,1546,Female,55,Clothing,5,485,2824
987,2025-09-13,1252,Female,35,Beauty,2,311,3174
988,2025-09-14,1389,Female,62,Food,7,105,529
989,2025-09-15,1593,Male,52,Food,4,199,3564
990,2025-09-16,1882,Female,47,Food,1,462,1403
991,2025-09-17,1255,Male,41,Beauty,4,201,3372
992,2025-09-18,1708,Female,59,Beauty,6,495,3928
993,2025-09-19,1814,Male,47,Clothing,7,275,939
994,2025-09-20,1920,Male,31,Electronics,7,433,3904
995,2025-09-21,1449,Female,23,Food,7,137,974
996,2025-09-22,1009,Male,20,Food,3,247,2220
997,2025-09-23,1823,Male,33,Electronics,6,417,1952
998,2025-09-24,1797,Female,24,Food,8,364,4923
999,2025-09-25,1241,Male,31,Beauty,4,437,2445
1000,2025-09-26,1250,Female,26,Beauty,8,121,78
